<object-stream>
  <java.util.Stack serialization="custom">
    <unserializable-parents/>
    <vector>
      <default>
        <capacityIncrement>0</capacityIncrement>
        <elementCount>3</elementCount>
        <elementData>
          <map>
            <entry>
              <string>1996e0a6-14c7-4f55-8269-578267aad632</string>
              <models.User>
                <id>1996e0a6-14c7-4f55-8269-578267aad632</id>
                <firstName>lisa</firstName>
                <lastName>simpson</lastName>
                <email>lisa@simpson.com</email>
                <password>secret</password>
                <activities>
                  <entry>
                    <long>7</long>
                    <models.Activity>
                      <id>7</id>
                      <type>run</type>
                      <location>work</location>
                      <distance>2.2</distance>
                      <route/>
                    </models.Activity>
                  </entry>
                  <entry>
                    <long>8</long>
                    <models.Activity>
                      <id>8</id>
                      <type>walk</type>
                      <location>shop</location>
                      <distance>2.5</distance>
                      <route/>
                    </models.Activity>
                  </entry>
                </activities>
              </models.User>
            </entry>
            <entry>
              <string>30f724b7-2cb5-4300-8cbf-00631bb43e85</string>
              <models.User>
                <id>30f724b7-2cb5-4300-8cbf-00631bb43e85</id>
                <firstName>maggie</firstName>
                <lastName>simpson</lastName>
                <email>maggie@simpson.com</email>
                <password>secret</password>
                <activities/>
              </models.User>
            </entry>
            <entry>
              <string>a97fbfdd-a555-498f-9c91-8a8896b86617</string>
              <models.User>
                <id>a97fbfdd-a555-498f-9c91-8a8896b86617</id>
                <firstName>marge</firstName>
                <lastName>simpson</lastName>
                <email>marge@simpson.com</email>
                <password>secret</password>
                <activities>
                  <entry>
                    <long>5</long>
                    <models.Activity>
                      <id>5</id>
                      <type>walk</type>
                      <location>fridge</location>
                      <distance>0.001</distance>
                      <route>
                        <models.Location>
                          <id>4</id>
                          <longitude>33.3</longitude>
                          <latitude>23.3</latitude>
                        </models.Location>
                        <models.Location>
                          <id>5</id>
                          <longitude>45.2</longitude>
                          <latitude>34.4</latitude>
                        </models.Location>
                        <models.Location>
                          <id>6</id>
                          <longitude>34.3</longitude>
                          <latitude>25.3</latitude>
                        </models.Location>
                        <models.Location>
                          <id>7</id>
                          <longitude>23.3</longitude>
                          <latitude>44.4</latitude>
                        </models.Location>
                      </route>
                    </models.Activity>
                  </entry>
                  <entry>
                    <long>6</long>
                    <models.Activity>
                      <id>6</id>
                      <type>walk</type>
                      <location>bar</location>
                      <distance>1.0</distance>
                      <route/>
                    </models.Activity>
                  </entry>
                </activities>
              </models.User>
            </entry>
            <entry>
              <string>b1270858-3e58-433b-8b6a-6c58570f1210</string>
              <models.User>
                <id>b1270858-3e58-433b-8b6a-6c58570f1210</id>
                <firstName>bart</firstName>
                <lastName>simpson</lastName>
                <email>bart@simpson.com</email>
                <password>secret</password>
                <activities/>
              </models.User>
            </entry>
          </map>
          <map>
            <entry>
              <string>lisa@simpson.com</string>
              <models.User reference="../../../map/entry/models.User"/>
            </entry>
            <entry>
              <string>marge@simpson.com</string>
              <models.User reference="../../../map/entry[3]/models.User"/>
            </entry>
            <entry>
              <string>bart@simpson.com</string>
              <models.User reference="../../../map/entry[4]/models.User"/>
            </entry>
            <entry>
              <string>maggie@simpson.com</string>
              <models.User reference="../../../map/entry[2]/models.User"/>
            </entry>
          </map>
          <map>
            <entry>
              <long>5</long>
              <models.Activity reference="../../../map/entry[3]/models.User/activities/entry/models.Activity"/>
            </entry>
            <entry>
              <long>6</long>
              <models.Activity reference="../../../map/entry[3]/models.User/activities/entry[2]/models.Activity"/>
            </entry>
            <entry>
              <long>7</long>
              <models.Activity reference="../../../map/entry/models.User/activities/entry/models.Activity"/>
            </entry>
            <entry>
              <long>8</long>
              <models.Activity reference="../../../map/entry/models.User/activities/entry[2]/models.Activity"/>
            </entry>
          </map>
          <null/>
          <null/>
          <null/>
          <null/>
          <null/>
          <null/>
          <null/>
        </elementData>
      </default>
    </vector>
  </java.util.Stack>
</object-stream>